{
  "id" : "workflow_process_optimization",
  "name" : "공정 최적화 시뮬레이션",
  "description" : "공정 최적화 시뮬레이션",
  "tasks" : [ 
    {
      "id" : "copy-data1",
      "type" : "mdt.task.builtin.CopyTask",
      "dependencies" : [ ],
      "variables" : [ {
        "name" : "from",
        "kind" : "INPUT",
        "valueReference" : {
          "twinId" : "heater",
          "submodelIdShort" : "Data",
          "idShortPath" : "DataInfo.Equipment.EquipmentParameterValues[0].ParameterValue"
        }
      }, {
        "name" : "to",
        "kind" : "OUTPUT",
        "valueReference" : {
          "twinId" : "innercase",
          "submodelIdShort" : "Simulation",
          "idShortPath" : "SimulationInfo.Inputs[0].InputValue"
        }
      } ],
      "options" : [ ],
      "labels" : [ ]
    },
    {
      "id" : "copy-data2",
      "type" : "mdt.task.builtin.CopyTask",
      "dependencies" : [ ],
      "variables" : [ {
        "name" : "from",
        "kind" : "INPUT",
        "valueReference" : {
          "twinId" : "former",
          "submodelIdShort" : "Data",
          "idShortPath" : "DataInfo.Equipment.EquipmentParameterValues[0].ParameterValue"
        }
      }, {
        "name" : "to",
        "kind" : "OUTPUT",
        "valueReference" : {
          "twinId" : "innercase",
          "submodelIdShort" : "Simulation",
          "idShortPath" : "SimulationInfo.Inputs[1].InputValue"
        }
      } ],
      "options" : [ ],
      "labels" : [ ]
    },
    {
      "id" : "copy-data3",
      "type" : "mdt.task.builtin.CopyTask",
      "dependencies" : [ ],
      "variables" : [ {
        "name" : "from",
        "kind" : "INPUT",
        "valueReference" : {
          "twinId" : "trimmer",
          "submodelIdShort" : "Data",
          "idShortPath" : "DataInfo.Equipment.EquipmentParameterValues[0].ParameterValue"
        }
      }, {
        "name" : "to",
        "kind" : "OUTPUT",
        "valueReference" : {
          "twinId" : "innercase",
          "submodelIdShort" : "Simulation",
          "idShortPath" : "SimulationInfo.Inputs[2].InputValue"
        }
      } ],
      "options" : [ ],
      "labels" : [ ]
    } ,
    {
      "id" : "copy-data4",
      "type" : "mdt.task.builtin.CopyTask",
      "dependencies" : [ ],
      "variables" : [ {
        "name" : "from",
        "kind" : "INPUT",
        "valueReference" : {
          "twinId" : "inspector",
          "submodelIdShort" : "Data",
          "idShortPath" : "DataInfo.Equipment.EquipmentParameterValues[0].ParameterValue"
        }
      }, {
        "name" : "to",
        "kind" : "OUTPUT",
        "valueReference" : {
          "twinId" : "innercase",
          "submodelIdShort" : "Simulation",
          "idShortPath" : "SimulationInfo.Inputs[3].InputValue"
        }
      } ],
      "options" : [ ],
      "labels" : [ ]
    },
    {
      "id" : "reconfig_process_optimization",
      "type" : "mdt.task.builtin.HttpTask",
      "dependencies" : [ ],
      "variables" : [ {
        "name" : "HTCycleTime",
        "kind" : "INPUT",
        "valueReference" : {
          "twinId" : "innercase",
          "submodelIdShort" : "Simulation",
          "idShortPath" : "SimulationInfo.Inputs[0].InputValue"
        }
      }, {
        "name" : "VFCycleTime",
        "kind" : "INPUT",
        "valueReference" : {
          "twinId" : "innercase",
          "submodelIdShort" : "Simulation",
          "idShortPath" : "SimulationInfo.Inputs[1].InputValue"
        }
      }, {
        "name" : "PTCycleTime",
        "kind" : "INPUT",
        "valueReference" : {
          "twinId" : "innercase",
          "submodelIdShort" : "Simulation",
          "idShortPath" : "SimulationInfo.Inputs[2].InputValue"
        }
      }, {
        "name" : "QICycleTime",
        "kind" : "INPUT",
        "valueReference" : {
          "twinId" : "innercase",
          "submodelIdShort" : "Simulation",
          "idShortPath" : "SimulationInfo.Inputs[3].InputValue"
        }
      }, {
        "name" : "Result",
        "kind" : "OUTPUT",
        "valueReference" : {
          "twinId" : "innercase",
          "submodelIdShort" : "Simulation",
          "idShortPath" : "SimulationInfo.Outputs[0].OutputValue"
        }
      } ],
      "options" : [ {
        "name" : "url",
        "optionType" : "string",
        "value" : "http://129.254.94.36:12987/operations/reconfig_process_optimization"
      }, {
        "name" : "timeout",
        "optionType" : "string",
        "value" : "5m"
      }, {
        "name" : "logger",
        "optionType" : "string",
        "value" : "info"
      } ],
      "labels" : [ ]
    }  
  ]
}