[
    {
        "WK_SHOP_CD": "XD-01",
        "PRODUCT_ID": "AGB73932401",
        "WK_DT": "2024-10-07 00:00:00",
        "QTY": 2592.0,
        "WK_ORD_NO": "WO-241000131"
    },
    {
        "WK_SHOP_CD": "XD-01",
        "PRODUCT_ID": "AGB73932501",
        "WK_DT": "2024-10-07 00:00:00",
        "QTY": 720.0,
        "WK_ORD_NO": "WO-241000558"
    },
    {
        "WK_SHOP_CD": "XD-01",
        "PRODUCT_ID": "AGB73932505",
        "WK_DT": "2024-10-07 00:00:00",
        "QTY": 864.0,
        "WK_ORD_NO": "WO-241000559"
    },
    {
        "WK_SHOP_CD": "XD-01",
        "PRODUCT_ID": "AGB73932507",
        "WK_DT": "2024-10-07 00:00:00",
        "QTY": 144.0,
        "WK_ORD_NO": "WO-241000560"
    }
]