[
    {
        "PRODUCT_ID": "AGB73932401",
        "Part_ID": "MFV62985001"
    },
    {
        "PRODUCT_ID": "AGB73932401",
        "Part_ID": "MFV62985101"
    },
    {
        "PRODUCT_ID": "AGB73932402",
        "Part_ID": "MFV62985002"
    },
    {
        "PRODUCT_ID": "AGB73932402",
        "Part_ID": "MFV62985102"
    },
    {
        "PRODUCT_ID": "AGB73932404",
        "Part_ID": "MFV62985001"
    },
    {
        "PRODUCT_ID": "AGB73932404",
        "Part_ID": "MFV62985101"
    },
    {
        "PRODUCT_ID": "AGB73932405",
        "Part_ID": "MFV62985001"
    },
    {
        "PRODUCT_ID": "AGB73932405",
        "Part_ID": "MFV62985101"
    },
    {
        "PRODUCT_ID": "AGB73932406",
        "Part_ID": "MFV62985002"
    },
    {
        "PRODUCT_ID": "AGB73932406",
        "Part_ID": "MFV62985102"
    },
    {
        "PRODUCT_ID": "AGB73932501",
        "Part_ID": "MFV62664701"
    },
    {
        "PRODUCT_ID": "AGB73932501",
        "Part_ID": "MFV62684701"
    },
    {
        "PRODUCT_ID": "AGB73932504",
        "Part_ID": "MFV62664702"
    },
    {
        "PRODUCT_ID": "AGB73932504",
        "Part_ID": "MFV62684702"
    },
    {
        "PRODUCT_ID": "AGB73932505",
        "Part_ID": "MFV62664702"
    },
    {
        "PRODUCT_ID": "AGB73932505",
        "Part_ID": "MFV62684702"
    },
    {
        "PRODUCT_ID": "AGB73932506",
        "Part_ID": "MFV62664701"
    },
    {
        "PRODUCT_ID": "AGB73932506",
        "Part_ID": "MFV62684701"
    },
    {
        "PRODUCT_ID": "AGB73932507",
        "Part_ID": "MFV62664702"
    },
    {
        "PRODUCT_ID": "AGB73932507",
        "Part_ID": "MFV62684702"
    },
    {
        "PRODUCT_ID": "AGB73932508",
        "Part_ID": "MFV62664701"
    },
    {
        "PRODUCT_ID": "AGB73932508",
        "Part_ID": "MFV62684701"
    },
    {
        "PRODUCT_ID": "AGB73932509",
        "Part_ID": "MFV62664702"
    },
    {
        "PRODUCT_ID": "AGB73932509",
        "Part_ID": "MFV62684702"
    }
]