[
    {
        "PART_ID": "MFV62664701",
        "GOOD_INV_QTY": 1508.0
    },
    {
        "PART_ID": "MFV62664702",
        "GOOD_INV_QTY": 1302.0
    },
    {
        "PART_ID": "MFV62684701",
        "GOOD_INV_QTY": 788.0
    },
    {
        "PART_ID": "MFV62684702",
        "GOOD_INV_QTY": 318.0
    },
    {
        "PART_ID": "MFV62985001",
        "GOOD_INV_QTY": 713.0
    },
    {
        "PART_ID": "MFV62985002",
        "GOOD_INV_QTY": 87.0
    },
    {
        "PART_ID": "MFV62985101",
        "GOOD_INV_QTY": 2226.0
    },
    {
        "PART_ID": "MFV62985102",
        "GOOD_INV_QTY": 186.0
    }
]