{
  "assetAdministrationShells": [
    {
      "category": "CONSTANT",
      "idShort": "Panda01",
      "id": "https://www.samcheon.com/mdt/Panda01",
      "assetInformation": {
        "assetKind": "Instance",
        "assetType": "Machine",
        "globalAssetId": "Panda01"
      },
      "submodels": [
        {
          "type": "ModelReference",
          "keys": [
            {
              "type": "Submodel",
              "value": "https://www.samcheon.com/mdt/Panda01/sm/InformationModel"
            }
          ]
        },
        {
          "type": "ModelReference",
          "keys": [
            {
              "type": "Submodel",
              "value": "https://www.samcheon.com/mdt/Panda01/sm/Data"
            }
          ]
        }
      ],
      "modelType": "AssetAdministrationShell"
    }
  ],
  "submodels": [
    {
      "idShort": "InformationModel",
      "administration": {},
      "id": "https://www.samcheon.com/mdt/Panda01/sm/InformationModel",
      "kind": "Instance",
      "semanticId": {
        "type": "ExternalReference",
        "keys": [
          {
            "type": "GlobalReference",
            "value": "https://etri.re.kr/mdt/Submodel/InformationModel/1/1"
          }
        ]
      },
      "submodelElements": [
        {
          "idShort": "MDTInfo",
          "value": [
            {
              "idShort": "AssetName",
              "valueType": "xs:string",
              "value": "판다 로봇",
              "modelType": "Property"
            },
            {
              "idShort": "AssetType",
              "valueType": "xs:string",
              "value": "Machine",
              "modelType": "Property"
            },
            {
              "idShort": "Status",
              "valueType": "xs:string",
              "value": "",
              "modelType": "Property"
            }
          ],
          "modelType": "SubmodelElementCollection"
        },
        {
          "idShort": "TwinComposition",
          "modelType": "SubmodelElementCollection"
        }
      ],
      "modelType": "Submodel"
    },
    {
      "category": "",
      "idShort": "Data",
      "id": "https://www.samcheon.com/mdt/Panda01/sm/Data",
      "kind": "Instance",
      "semanticId": {
        "type": "ExternalReference",
        "keys": [
          {
            "type": "GlobalReference",
            "value": "https://etri.re.kr/mdt/Submodel/Data/1/1"
          }
        ]
      },
      "submodelElements": [
        {
          "idShort": "SubModelInfo",
          "value": [
            {
              "idShort": "Title",
              "valueType": "xs:string",
              "modelType": "Property"
            },
            {
              "idShort": "Creator",
              "valueType": "xs:string",
              "modelType": "Property"
            }
          ],
          "modelType": "SubmodelElementCollection"
        },
        {
          "category": "",
          "idShort": "DataInfo",
          "value": [
            {
              "idShort": "Equipment",
              "value": [
                {
                  "idShort": "EquipmentID",
                  "valueType": "xs:string",
                  "value": "Panda01",
                  "modelType": "Property"
                },
                {
                  "idShort": "EquipmentName",
                  "valueType": "xs:string",
                  "value": "판다 로봇 01",
                  "modelType": "Property"
                },
                {
                  "idShort": "EquipmentParameters",
                  "orderRelevant": true,
                  "typeValueListElement": "SubmodelElement",
                  "value": [
                    {
                      "idShort": "JointStates",
                      "semanticId": {
                        "type": "ExternalReference",
                        "keys": [
                          {
                            "type": "GlobalReference",
                            "value": "https://etri.re.kr/mdt/Submodel/Data/Parameter/1/1"
                          }
                        ]
                      },
                      "value": [
                        {
                          "idShort": "ParameterID",
                          "valueType": "xs:string",
                          "value": "JointStates",
                          "modelType": "Property"
                        },
                        {
                          "idShort": "ParameterName",
                          "valueType": "xs:string",
                          "value": "팔축 상태 값",
                          "modelType": "Property"
                        },
                        {
                          "idShort": "ParameterType",
                          "valueType": "xs:string",
                          "value": "LIST",
                          "modelType": "Property"
                        },
                        {
                          "idShort": "ParameterGrade",
                          "valueType": "xs:string",
                          "modelType": "Property"
                        },
                        {
                          "idShort": "ParameterUOMCode",
                          "valueType": "xs:string",
                          "modelType": "Property"
                        },
                        {
                          "idShort": "EquipmentID",
                          "valueType": "xs:string",
                          "value": "Panda01",
                          "modelType": "Property"
                        },
                        {
                          "idShort": "LSL",
                          "valueType": "xs:string",
                          "modelType": "Property"
                        },
                        {
                          "idShort": "USL",
                          "valueType": "xs:string",
                          "modelType": "Property"
                        },
                        {
                          "idShort": "PeriodicDataCollectionIndicator",
                          "valueType": "xs:string",
                          "modelType": "Property"
                        },
                        {
                          "idShort": "DataCollectionPeriod",
                          "valueType": "xs:string",
                          "modelType": "Property"
                        }
                      ],
                      "modelType": "SubmodelElementCollection"
                    },
                    {
                      "idShort": "Orientation",
                      "semanticId": {
                        "type": "ExternalReference",
                        "keys": [
                          {
                            "type": "GlobalReference",
                            "value": "https://etri.re.kr/mdt/Submodel/Data/Parameter/1/1"
                          }
                        ]
                      },
                      "value": [
                        {
                          "idShort": "ParameterID",
                          "valueType": "xs:string",
                          "value": "Orientation",
                          "modelType": "Property"
                        },
                        {
                          "idShort": "ParameterName",
                          "valueType": "xs:string",
                          "value": "엔드이펙터 방향",
                          "modelType": "Property"
                        },
                        {
                          "idShort": "ParameterType",
                          "valueType": "xs:string",
                          "value": "COLLECTION",
                          "modelType": "Property"
                        },
                        {
                          "idShort": "ParameterGrade",
                          "valueType": "xs:string",
                          "modelType": "Property"
                        },
                        {
                          "idShort": "ParameterUOMCode",
                          "valueType": "xs:string",
                          "modelType": "Property"
                        },
                        {
                          "idShort": "EquipmentID",
                          "valueType": "xs:string",
                          "value": "Panda01",
                          "modelType": "Property"
                        },
                        {
                          "idShort": "LSL",
                          "valueType": "xs:string",
                          "modelType": "Property"
                        },
                        {
                          "idShort": "USL",
                          "valueType": "xs:string",
                          "modelType": "Property"
                        },
                        {
                          "idShort": "PeriodicDataCollectionIndicator",
                          "valueType": "xs:string",
                          "modelType": "Property"
                        },
                        {
                          "idShort": "DataCollectionPeriod",
                          "valueType": "xs:string",
                          "modelType": "Property"
                        }
                      ],
                      "modelType": "SubmodelElementCollection"
                    },
                    {
                      "idShort": "Position",
                      "semanticId": {
                        "type": "ExternalReference",
                        "keys": [
                          {
                            "type": "GlobalReference",
                            "value": "https://etri.re.kr/mdt/Submodel/Data/Parameter/1/1"
                          }
                        ]
                      },
                      "value": [
                        {
                          "idShort": "ParameterID",
                          "valueType": "xs:string",
                          "value": "Position",
                          "modelType": "Property"
                        },
                        {
                          "idShort": "ParameterName",
                          "valueType": "xs:string",
                          "value": "엔드이펙터 위치",
                          "modelType": "Property"
                        },
                        {
                          "idShort": "ParameterType",
                          "valueType": "xs:string",
                          "value": "COLLECTION",
                          "modelType": "Property"
                        },
                        {
                          "idShort": "ParameterGrade",
                          "valueType": "xs:string",
                          "modelType": "Property"
                        },
                        {
                          "idShort": "ParameterUOMCode",
                          "valueType": "xs:string",
                          "modelType": "Property"
                        },
                        {
                          "idShort": "EquipmentID",
                          "valueType": "xs:string",
                          "value": "Panda01",
                          "modelType": "Property"
                        },
                        {
                          "idShort": "LSL",
                          "valueType": "xs:string",
                          "modelType": "Property"
                        },
                        {
                          "idShort": "USL",
                          "valueType": "xs:string",
                          "modelType": "Property"
                        },
                        {
                          "idShort": "PeriodicDataCollectionIndicator",
                          "valueType": "xs:string",
                          "modelType": "Property"
                        },
                        {
                          "idShort": "DataCollectionPeriod",
                          "valueType": "xs:string",
                          "modelType": "Property"
                        }
                      ],
                      "modelType": "SubmodelElementCollection"
                    }
                  ],
                  "modelType": "SubmodelElementList"
                },
                {
                  "idShort": "EquipmentParameterValues",
                  "orderRelevant": true,
                  "typeValueListElement": "SubmodelElement",
                  "value": [
                    {
                      "idShort": "JointStates",
                      "semanticId": {
                        "type": "ExternalReference",
                        "keys": [
                          {
                            "type": "GlobalReference",
                            "value": "https://etri.re.kr/mdt/Submodel/Data/ParameterValue/1/1"
                          }
                        ]
                      },
                      "value": [
                        {
                          "idShort": "ParameterID",
                          "valueType": "xs:string",
                          "value": "JointStates",
                          "modelType": "Property"
                        },
                        {
                          "idShort": "EventDateTime",
                          "valueType": "xs:dateTime",
                          "modelType": "Property"
                        },
                        {
                          "idShort": "ParameterValue",
                          "modelType": "SubmodelElementCollection",
                          "value": [ {
                              "idShort": "panda_joint1",
                              "valueType": "xs:float",
                              "value": "0.0",
                              "modelType": "Property"
                            },
                            {
                              "idShort": "panda_joint2",
                              "valueType": "xs:float",
                              "value": "0.0",
                              "modelType": "Property"
                            },
                            {
                              "idShort": "panda_joint3",
                              "valueType": "xs:float",
                              "value": "0.0",
                              "modelType": "Property"
                            },
                            {
                              "idShort": "panda_joint4",
                              "valueType": "xs:float",
                              "value": "0.0",
                              "modelType": "Property"
                            },
                            {
                              "idShort": "panda_joint5",
                              "valueType": "xs:float",
                              "value": "0.0",
                              "modelType": "Property"
                            },
                            {
                              "idShort": "panda_joint6",
                              "valueType": "xs:float",
                              "value": "0.0",
                              "modelType": "Property"
                            },
                            {
                              "idShort": "panda_joint7",
                              "valueType": "xs:float",
                              "value": "0.0",
                              "modelType": "Property"
                            } ]
                        }
                      ],
                      "modelType": "SubmodelElementCollection"
                    },
                    {
                      "idShort": "Orientation",
                      "semanticId": {
                        "type": "ExternalReference",
                        "keys": [
                          {
                            "type": "GlobalReference",
                            "value": "https://etri.re.kr/mdt/Submodel/Data/ParameterValue/1/1"
                          }
                        ]
                      },
                      "value": [
                        {
                          "idShort": "ParameterID",
                          "valueType": "xs:string",
                          "value": "Orientation",
                          "modelType": "Property"
                        },
                        {
                          "idShort": "EventDateTime",
                          "valueType": "xs:dateTime",
                          "value": "2024-05-24T23:57:31",
                          "modelType": "Property"
                        },
                        {
                          "idShort": "ParameterValue",
                          "modelType": "SubmodelElementCollection",
                          "value": [
                            {
                              "idShort": "qx",
                              "valueType": "xs:float",
                              "value": "0.0",
                              "modelType": "Property"
                            },
                            {
                              "idShort": "qy",
                              "valueType": "xs:float",
                              "value": "0.0",
                              "modelType": "Property"
                            },
                            {
                              "idShort": "qz",
                              "valueType": "xs:float",
                              "value": "0.0",
                              "modelType": "Property"
                            },
                            {
                              "idShort": "qw",
                              "valueType": "xs:float",
                              "value": "0.0",
                              "modelType": "Property"
                            }
                          ]
                        }
                      ],
                      "modelType": "SubmodelElementCollection"
                    },
                    {
                      "idShort": "Position",
                      "semanticId": {
                        "type": "ExternalReference",
                        "keys": [
                          {
                            "type": "GlobalReference",
                            "value": "https://etri.re.kr/mdt/Submodel/Data/ParameterValue/1/1"
                          }
                        ]
                      },
                      "value": [
                        {
                          "idShort": "ParameterID",
                          "valueType": "xs:string",
                          "value": "Position",
                          "modelType": "Property"
                        },
                        {
                          "idShort": "EventDateTime",
                          "valueType": "xs:dateTime",
                          "value": "2024-05-24T23:57:36",
                          "modelType": "Property"
                        },
                        {
                          "idShort": "ParameterValue",
                          "modelType": "SubmodelElementCollection",
                          "value": [
                            {
                              "idShort": "x",
                              "valueType": "xs:float",
                              "value": "0.0",
                              "modelType": "Property"
                            },
                            {
                              "idShort": "y",
                              "valueType": "xs:float",
                              "value": "0.0",
                              "modelType": "Property"
                            },
                            {
                              "idShort": "z",
                              "valueType": "xs:float",
                              "value": "0.0",
                              "modelType": "Property"
                            }
                          ]
                        }
                      ],
                      "modelType": "SubmodelElementCollection"
                    }
                  ],
                  "modelType": "SubmodelElementList"
                }
              ],
              "modelType": "SubmodelElementCollection"
            }
          ],
          "modelType": "SubmodelElementCollection"
        }
      ],
      "modelType": "Submodel"
    }
  ],
  "conceptDescriptions": []
}