{
  "id" : "thickness-simulation-short",
  "name" : "냉장고 내함 두께 불량을 탐지 워크플로우",
  "description" : "본 워크플로우는 냉장고의 내함 두께 불량을 탐지한다.",
  "taskDescriptors" : [ {
    "id" : "inspect-thickness",
    "type" : "mdt.task.builtin.AASOperationTask",
    "dependencies" : [ ],
    "inputVariables" : [ {
      "@type" : "mdt:variable:reference",
      "name" : "UpperImage",
      "description" : "",
      "reference" : {
        "@type" : "mdt:ref:param",
        "instanceId" : "inspector",
        "parameterId" : "UpperImage",
        "subPath" : "ParameterValue"
      }
    } ],
    "outputVariables" : [ ],
    "options" : [ {
      "@type" : "mdt:option:element_ref",
      "name" : "operation",
      "value" : {
        "@type" : "mdt:ref:element",
        "submodelReference" : {
          "instanceId" : "inspector",
          "submodelIdShort" : "ThicknessInspection"
        },
        "elementPath" : "Operation"
      }
    }, {
      "@type" : "mdt:option:string",
      "name" : "poll",
      "value" : "1s"
    }, {
      "@type" : "mdt:option:string",
      "name" : "timeout",
      "value" : "1m"
    }, {
      "@type" : "mdt:option:string",
      "name" : "loglevel",
      "value" : "info"
    } ],
    "labels" : [ {
      "name" : "mdt-operation",
      "value" : "inspector:ThicknessInspection"
    } ]
  }, {
    "id" : "update-defect-list",
    "type" : "mdt.task.builtin.AASOperationTask",
    "dependencies" : [ "inspect-thickness" ],
    "inputVariables" : [ {
      "@type" : "mdt:variable:reference",
      "name" : "Defect",
      "description" : "",
      "reference" : {
        "@type" : "mdt:ref:oparg",
        "submodelReference" : {
          "instanceId" : "inspector",
          "submodelIdShort" : "ThicknessInspection"
        },
        "kind" : "output",
        "argumentSpec" : "0"
      }
    }, {
      "@type" : "mdt:variable:reference",
      "name" : "DefectList",
      "description" : "",
      "reference" : {
        "@type" : "mdt:ref:param",
        "instanceId" : "inspector",
        "parameterId" : "DefectList",
        "subPath" : "ParameterValue"
      }
    } ],
    "outputVariables" : [ {
      "@type" : "mdt:variable:reference",
      "name" : "DefectList",
      "description" : "",
      "reference" : {
        "@type" : "mdt:ref:param",
        "instanceId" : "inspector",
        "parameterId" : "DefectList",
        "subPath" : "ParameterValue"
      }
    } ],
    "options" : [ {
      "@type" : "mdt:option:element_ref",
      "name" : "operation",
      "value" : {
        "@type" : "mdt:ref:element",
        "submodelReference" : {
          "instanceId" : "inspector",
          "submodelIdShort" : "UpdateDefectList"
        },
        "elementPath" : "Operation"
      }
    }, {
      "@type" : "mdt:option:string",
      "name" : "poll",
      "value" : "1s"
    }, {
      "@type" : "mdt:option:string",
      "name" : "timeout",
      "value" : "1m"
    }, {
      "@type" : "mdt:option:string",
      "name" : "loglevel",
      "value" : "info"
    } ],
    "labels" : [ {
      "name" : "mdt-operation",
      "value" : "inspector:UpdateDefectList"
    } ]
  }, {
    "id" : "simulate-process",
    "type" : "mdt.task.builtin.AASOperationTask",
    "dependencies" : [ "update-defect-list" ],
    "inputVariables" : [ {
      "@type" : "mdt:variable:reference",
      "name" : "DefectList",
      "description" : null,
      "reference" : {
        "@type" : "mdt:ref:param",
        "instanceId" : "inspector",
        "parameterId" : "DefectList",
        "subPath" : "ParameterValue"
      }
    } ],
    "outputVariables" : [ {
      "@type" : "mdt:variable:reference",
      "name" : "AverageCycleTime",
      "description" : null,
      "reference" : {
        "@type" : "mdt:ref:param",
        "instanceId" : "inspector",
        "parameterId" : "CycleTime",
        "subPath" : "ParameterValue"
      }
    } ],
    "options" : [ {
      "@type" : "mdt:option:element_ref",
      "name" : "operation",
      "value" : {
        "@type" : "mdt:ref:element",
        "submodelReference" : {
          "instanceId" : "inspector",
          "submodelIdShort" : "ProcessSimulation"
        },
        "elementPath" : "Operation"
      }
    }, {
      "@type" : "mdt:option:string",
      "name" : "poll",
      "value" : "1s"
    }, {
      "@type" : "mdt:option:string",
      "name" : "timeout",
      "value" : "1m"
    }, {
      "@type" : "mdt:option:string",
      "name" : "loglevel",
      "value" : "info"
    } ],
    "labels" : [ {
      "name" : "mdt-operation",
      "value" : "inspector:ProcessSimulation"
    } ]
  } ]
}
