[
  {
    "id": "CopyDetectList",
    "type": "mdt.task.builtin.CopyTask",
    "dependencies": [],
    "variables": [
      {
        "name": "from",
        "kind": "INPUT",
        "valueReference": {
          "twinId": "inspector",
          "aasTwinId": "http://www.lg.co.kr/refrigerator/innercase/QualityInspectionor",
          "aasTwinIdShort": "QualityInspector",
          "submodelId": "http://www.lg.co.kr/refrigerator/Innercase/QualityInspector/Data",
          "submodelIdShort": "Data",
          "idShortPath": "Data.DataInfo.Equipment.EquipmentParameterValues[1].ParameterValue"
        }
      },
      {
        "name": "to",
        "kind": "OUTPUT",
        "valueReference": {
          "twinId": "inspector",
          "aasTwinId": "http://www.lg.co.kr/refrigerator/innercase/QualityInspectionor",
          "aasTwinIdShort": "QualityInspector",
          "submodelId": "http://www.lg.co.kr/refrigerator/Innercase/QualityInspector/Simulation/ProcessSimulation",
          "submodelIdShort": "Simulation",
          "idShortPath": "Simulation.SimulationInfo.Inputs[0].InputValue"
        }
      }
    ],
    "options": [],
    "labels": [],
    "name": "CopyDetectList"
  },
  {
    "id": "ProcessSimulation",
    "type": "mdt.task.builtin.HttpTask",
    "dependencies": [
      "CopyDetectList"
    ],
    "variables": [
      {
        "name": "DefectList",
        "kind": "INPUT",
        "valueReference": {
          "twinId": "inspector",
          "aasTwinId": "http://www.lg.co.kr/refrigerator/innercase/QualityInspectionor",
          "aasTwinIdShort": "QualityInspector",
          "submodelId": "http://www.lg.co.kr/refrigerator/Innercase/QualityInspector/Simulation/ProcessSimulation",
          "submodelIdShort": "Simulation",
          "idShortPath": "Simulation.SimulationInfo.Inputs[0].InputValue"
        }
      },
      {
        "name": "AverageCycleTime",
        "kind": "OUTPUT",
        "valueReference": {
          "twinId": "inspector",
          "aasTwinId": "http://www.lg.co.kr/refrigerator/innercase/QualityInspectionor",
          "aasTwinIdShort": "QualityInspector",
          "submodelId": "http://www.lg.co.kr/refrigerator/Innercase/QualityInspector/Simulation/ProcessSimulation",
          "submodelIdShort": "Simulation",
          "idShortPath": "Simulation.SimulationInfo.Outputs[0].OutputValue"
        }
      }
    ],
    "options": [
      {
        "name": "url",
        "optionType": "string",
        "value": ""
      },
      {
        "name": "timeout",
        "optionType": "string",
        "value": ""
      },
      {
        "name": "logger",
        "optionType": "string",
        "value": ""
      }
    ],
    "labels": []
  },
  {
    "id": "CopyCycleTime",
    "type": "mdt.task.builtin.CopyTask",
    "dependencies": [
      "ProcessSimulation"
    ],
    "variables": [
      {
        "name": "from",
        "kind": "INPUT",
        "valueReference": {
          "twinId": "inspector",
          "aasTwinId": "http://www.lg.co.kr/refrigerator/innercase/QualityInspectionor",
          "aasTwinIdShort": "QualityInspector",
          "submodelId": "http://www.lg.co.kr/refrigerator/Innercase/QualityInspector/Simulation/ProcessSimulation",
          "submodelIdShort": "Simulation",
          "idShortPath": "Simulation.SimulationInfo.Outputs[0].OutputValue"
        }
      },
      {
        "name": "to",
        "kind": "OUTPUT",
        "valueReference": {
          "twinId": "inspector",
          "aasTwinId": "http://www.lg.co.kr/refrigerator/innercase/QualityInspectionor",
          "aasTwinIdShort": "QualityInspector",
          "submodelId": "http://www.lg.co.kr/refrigerator/Innercase/QualityInspector/Data",
          "submodelIdShort": "Data",
          "idShortPath": "Data.DataInfo.Equipment.EquipmentParameterValues[0].ParameterValue"
        }
      }
    ],
    "options": [],
    "labels": [],
    "name": "CopyCycleTime"
  }
]
