{
  "assetAdministrationShells": [
    {
      "category": "CONSTANT",
      "idShort": "Welder",
      "id": "https://www.samcheon.com/mdt/Welder",
      "assetInformation": {
        "assetKind": "Instance",
        "assetType": "Machine",
        "globalAssetId": "Welder011"
      },
      "submodels": [
        {
          "type": "ModelReference",
          "keys": [
            {
              "type": "Submodel",
              "value": "https://www.samcheon.com/mdt/Welder/sm/InformationModel"
            }
          ]
        },
        {
          "type": "ModelReference",
          "keys": [
            {
              "type": "Submodel",
              "value": "https://www.samcheon.com/mdt/Welder/sm/Data"
            }
          ]
        },
        {
          "type": "ModelReference",
          "keys": [
            {
              "type": "Submodel",
              "value": "https://www.samcheon.com/mdt/Welder/sm/Simulation/ProductivityPrediction"
            }
          ]
        },
        {
          "type": "ModelReference",
          "keys": [
            {
              "type": "Submodel",
              "value": "https://www.samcheon.com/mdt/Welder/sm/TimeSeries/WelderAmpereLog"
            }
          ]
        },
        {
          "type": "ModelReference",
          "keys": [
            {
              "type": "Submodel",
              "value": "https://www.samcheon.com/mdt/Welder/sm/TimeSeries/NozzleProductionLog"
            }
          ]
        }
      ],
      "modelType": "AssetAdministrationShell"
    }
  ],
  "submodels": [
    {
      "idShort": "InformationModel",
      "administration": {},
      "id": "https://www.samcheon.com/mdt/Welder/sm/InformationModel",
      "kind": "Instance",
      "semanticId": {
        "type": "ExternalReference",
        "keys": [
          {
            "type": "GlobalReference",
            "value": "https://etri.re.kr/mdt/Submodel/InformationModel/1/1"
          }
        ]
      },
      "submodelElements": [
        {
          "idShort": "MDTInfo",
          "value": [
            {
              "idShort": "AssetName",
              "valueType": "xs:string",
              "value": "\uC9C4\uB3D9 \uC735\uCC29 \uC7A5\uBE44",
              "modelType": "Property"
            },
            {
              "idShort": "AssetType",
              "valueType": "xs:string",
              "value": "Machine",
              "modelType": "Property"
            },
            {
              "idShort": "Status",
              "valueType": "xs:string",
              "value": "",
              "modelType": "Property"
            }
          ],
          "modelType": "SubmodelElementCollection"
        },
        {
          "idShort": "TwinComposition",
          "modelType": "SubmodelElementCollection"
        }
      ],
      "modelType": "Submodel"
    },
    {
      "category": "",
      "idShort": "Data",
      "id": "https://www.samcheon.com/mdt/Welder/sm/Data",
      "kind": "Instance",
      "semanticId": {
        "type": "ExternalReference",
        "keys": [
          {
            "type": "GlobalReference",
            "value": "https://etri.re.kr/mdt/Submodel/Data/1/1"
          }
        ]
      },
      "submodelElements": [
        {
          "idShort": "SubModelInfo",
          "value": [
            {
              "idShort": "Title",
              "valueType": "xs:string",
              "modelType": "Property"
            },
            {
              "idShort": "Creator",
              "valueType": "xs:string",
              "modelType": "Property"
            }
          ],
          "modelType": "SubmodelElementCollection"
        },
        {
          "category": "",
          "idShort": "DataInfo",
          "value": [
            {
              "idShort": "Equipment",
              "value": [
                {
                  "idShort": "EquipmentID",
                  "valueType": "xs:string",
                  "value": "Welder",
                  "modelType": "Property"
                },
                {
                  "idShort": "EquipmentName",
                  "valueType": "xs:string",
                  "value": "\uC9C4\uB3D9 \uC735\uCC29",
                  "modelType": "Property"
                },
                {
                  "idShort": "EquipmentParameters",
                  "orderRelevant": true,
                  "typeValueListElement": "SubmodelElement",
                  "value": [
                    {
                      "idShort": "Ampere",
                      "semanticId": {
                        "type": "ExternalReference",
                        "keys": [
                          {
                            "type": "GlobalReference",
                            "value": "https://etri.re.kr/mdt/Submodel/Data/Parameter/1/1"
                          }
                        ]
                      },
                      "value": [
                        {
                          "idShort": "ParameterID",
                          "valueType": "xs:string",
                          "value": "Ampere",
                          "modelType": "Property"
                        },
                        {
                          "idShort": "ParameterName",
                          "valueType": "xs:string",
                          "value": "\uC18C\uBAA8 \uC804\uB958\uB7C9",
                          "modelType": "Property"
                        },
                        {
                          "idShort": "ParameterType",
                          "valueType": "xs:string",
                          "value": "FLOAT",
                          "modelType": "Property"
                        },
                        {
                          "idShort": "ParameterGrade",
                          "valueType": "xs:string",
                          "modelType": "Property"
                        },
                        {
                          "idShort": "ParameterUOMCode",
                          "valueType": "xs:string",
                          "modelType": "Property"
                        },
                        {
                          "idShort": "EquipmentID",
                          "valueType": "xs:string",
                          "value": "Welder",
                          "modelType": "Property"
                        },
                        {
                          "idShort": "LSL",
                          "valueType": "xs:string",
                          "modelType": "Property"
                        },
                        {
                          "idShort": "USL",
                          "valueType": "xs:string",
                          "modelType": "Property"
                        },
                        {
                          "idShort": "PeriodicDataCollectionIndicator",
                          "valueType": "xs:string",
                          "modelType": "Property"
                        },
                        {
                          "idShort": "DataCollectionPeriod",
                          "valueType": "xs:string",
                          "modelType": "Property"
                        }
                      ],
                      "modelType": "SubmodelElementCollection"
                    },
                    {
                      "idShort": "Status",
                      "semanticId": {
                        "type": "ExternalReference",
                        "keys": [
                          {
                            "type": "GlobalReference",
                            "value": "https://etri.re.kr/mdt/Submodel/Data/Parameter/1/1"
                          }
                        ]
                      },
                      "value": [
                        {
                          "idShort": "ParameterID",
                          "valueType": "xs:string",
                          "value": "Status",
                          "modelType": "Property"
                        },
                        {
                          "idShort": "ParameterName",
                          "valueType": "xs:string",
                          "value": "상태",
                          "modelType": "Property"
                        },
                        {
                          "idShort": "ParameterType",
                          "valueType": "xs:string",
                          "value": "STRING",
                          "modelType": "Property"
                        },
                        {
                          "idShort": "ParameterGrade",
                          "valueType": "xs:string",
                          "modelType": "Property"
                        },
                        {
                          "idShort": "ParameterUOMCode",
                          "valueType": "xs:string",
                          "modelType": "Property"
                        },
                        {
                          "idShort": "EquipmentID",
                          "valueType": "xs:string",
                          "value": "Welder",
                          "modelType": "Property"
                        },
                        {
                          "idShort": "LSL",
                          "valueType": "xs:string",
                          "modelType": "Property"
                        },
                        {
                          "idShort": "USL",
                          "valueType": "xs:string",
                          "modelType": "Property"
                        },
                        {
                          "idShort": "PeriodicDataCollectionIndicator",
                          "valueType": "xs:string",
                          "modelType": "Property"
                        },
                        {
                          "idShort": "DataCollectionPeriod",
                          "valueType": "xs:string",
                          "modelType": "Property"
                        }
                      ],
                      "modelType": "SubmodelElementCollection"
                    },
                    {
                      "idShort": "NozzleProduction",
                      "semanticId": {
                        "type": "ExternalReference",
                        "keys": [
                          {
                            "type": "GlobalReference",
                            "value": "https://etri.re.kr/mdt/Submodel/Data/Parameter/1/1"
                          }
                        ]
                      },
                      "value": [
                        {
                          "idShort": "ParameterID",
                          "valueType": "xs:string",
                          "value": "NozzleProduction",
                          "modelType": "Property"
                        },
                        {
                          "idShort": "ParameterName",
                          "valueType": "xs:string",
                          "value": "워터 노즐 생산 정보",
                          "modelType": "Property"
                        },
                        {
                          "idShort": "ParameterType",
                          "valueType": "xs:string",
                          "value": "COLLECTION",
                          "modelType": "Property"
                        },
                        {
                          "idShort": "ParameterGrade",
                          "valueType": "xs:string",
                          "modelType": "Property"
                        },
                        {
                          "idShort": "ParameterUOMCode",
                          "valueType": "xs:string",
                          "modelType": "Property"
                        },
                        {
                          "idShort": "EquipmentID",
                          "valueType": "xs:string",
                          "value": "Welder",
                          "modelType": "Property"
                        },
                        {
                          "idShort": "LSL",
                          "valueType": "xs:string",
                          "modelType": "Property"
                        },
                        {
                          "idShort": "USL",
                          "valueType": "xs:string",
                          "modelType": "Property"
                        },
                        {
                          "idShort": "PeriodicDataCollectionIndicator",
                          "valueType": "xs:string",
                          "modelType": "Property"
                        },
                        {
                          "idShort": "DataCollectionPeriod",
                          "valueType": "xs:string",
                          "modelType": "Property"
                        }
                      ],
                      "modelType": "SubmodelElementCollection"
                    },
                    {
                      "idShort": "TotalThroughput",
                      "semanticId": {
                        "type": "ExternalReference",
                        "keys": [
                          {
                            "type": "GlobalReference",
                            "value": "https://etri.re.kr/mdt/Submodel/Data/Parameter/1/1"
                          }
                        ]
                      },
                      "value": [
                        {
                          "idShort": "ParameterID",
                          "valueType": "xs:string",
                          "value": "TotalThroughput",
                          "modelType": "Property"
                        },
                        {
                          "idShort": "ParameterName",
                          "valueType": "xs:string",
                          "value": "\uC608\uCE21 \uCD1D \uC0DD\uC0B0\uB7C9",
                          "modelType": "Property"
                        },
                        {
                          "idShort": "ParameterType",
                          "valueType": "xs:string",
                          "value": "INTEGER",
                          "modelType": "Property"
                        },
                        {
                          "idShort": "ParameterGrade",
                          "valueType": "xs:string",
                          "modelType": "Property"
                        },
                        {
                          "idShort": "ParameterUOMCode",
                          "valueType": "xs:string",
                          "modelType": "Property"
                        },
                        {
                          "idShort": "EquipmentID",
                          "valueType": "xs:string",
                          "value": "Welder",
                          "modelType": "Property"
                        },
                        {
                          "idShort": "LSL",
                          "valueType": "xs:string",
                          "modelType": "Property"
                        },
                        {
                          "idShort": "USL",
                          "valueType": "xs:string",
                          "modelType": "Property"
                        },
                        {
                          "idShort": "PeriodicDataCollectionIndicator",
                          "valueType": "xs:string",
                          "modelType": "Property"
                        },
                        {
                          "idShort": "DataCollectionPeriod",
                          "valueType": "xs:string",
                          "modelType": "Property"
                        }
                      ],
                      "modelType": "SubmodelElementCollection"
                    }
                  ],
                  "modelType": "SubmodelElementList"
                },
                {
                  "idShort": "EquipmentParameterValues",
                  "orderRelevant": true,
                  "typeValueListElement": "SubmodelElement",
                  "value": [
                    {
                      "idShort": "Ampere",
                      "semanticId": {
                        "type": "ExternalReference",
                        "keys": [
                          {
                            "type": "GlobalReference",
                            "value": "https://etri.re.kr/mdt/Submodel/Data/ParameterValue/1/1"
                          }
                        ]
                      },
                      "value": [
                        {
                          "idShort": "ParameterID",
                          "valueType": "xs:string",
                          "value": "Ampere",
                          "modelType": "Property"
                        },
                        {
                          "idShort": "EventDateTime",
                          "valueType": "xs:dateTime",
                          "value": "",
                          "modelType": "Property"
                        },
                        {
                          "idShort": "ParameterValue",
                          "valueType": "xs:float",
                          "value": "-1",
                          "modelType": "Property"
                        }
                      ],
                      "modelType": "SubmodelElementCollection"
                    },
                    {
                      "idShort": "Status",
                      "semanticId": {
                        "type": "ExternalReference",
                        "keys": [
                          {
                            "type": "GlobalReference",
                            "value": "https://etri.re.kr/mdt/Submodel/Data/ParameterValue/1/1"
                          }
                        ]
                      },
                      "value": [
                        {
                          "idShort": "ParameterID",
                          "valueType": "xs:string",
                          "value": "Status",
                          "modelType": "Property"
                        },
                        {
                          "idShort": "EventDateTime",
                          "valueType": "xs:dateTime",
                          "value": "",
                          "modelType": "Property"
                        },
                        {
                          "idShort": "ParameterValue",
                          "valueType": "xs:string",
                          "value": "UNKNOWN",
                          "modelType": "Property"
                        }
                      ],
                      "modelType": "SubmodelElementCollection"
                    },
                    {
                      "idShort": "NozzleProduction",
                      "semanticId": {
                        "type": "ExternalReference",
                        "keys": [
                          {
                            "type": "GlobalReference",
                            "value": "https://etri.re.kr/mdt/Submodel/Data/ParameterValue/1/1"
                          }
                        ]
                      },
                      "value": [
                        {
                          "idShort": "ParameterID",
                          "valueType": "xs:string",
                          "value": "NozzleProduction",
                          "modelType": "Property"
                        },
                        {
                          "idShort": "EventDateTime",
                          "valueType": "xs:dateTime",
                          "value": "",
                          "modelType": "Property"
                        },
                        {
                          "idShort": "ParameterValue",
                          "modelType": "SubmodelElementCollection",
                          "value": [
                            {
                              "idShort": "QuantityProduced",
                              "valueType": "xs:int",
                              "value": "0",
                              "modelType": "Property"
                            },
                            {
                              "idShort": "AvgProcessingTime",
                              "valueType": "xs:duration",
                              "value": "PT0S",
                              "modelType": "Property"
                            },
                            {
                              "idShort": "AvgWaitingTime",
                              "valueType": "xs:duration",
                              "value": "PT0S",
                              "modelType": "Property"
                            },
                            {
                              "idShort": "DefectVolume",
                              "valueType": "xs:int",
                              "value": "0",
                              "modelType": "Property"
                            },
                            {
                              "idShort": "AvgDefectRate",
                              "valueType": "xs:float",
                              "value": "0.0",
                              "modelType": "Property"
                            }
                          ]
                        }
                      ],
                      "modelType": "SubmodelElementCollection"
                    },
                    {
                      "idShort": "TotalThroughput",
                      "semanticId": {
                        "type": "ExternalReference",
                        "keys": [
                          {
                            "type": "GlobalReference",
                            "value": "https://etri.re.kr/mdt/Submodel/Data/ParameterValue/1/1"
                          }
                        ]
                      },
                      "value": [
                        {
                          "idShort": "ParameterID",
                          "valueType": "xs:string",
                          "value": "TotalThroughput",
                          "modelType": "Property"
                        },
                        {
                          "idShort": "EventDateTime",
                          "valueType": "xs:dateTime",
                          "value": "",
                          "modelType": "Property"
                        },
                        {
                          "idShort": "ParameterValue",
                          "valueType": "xs:int",
                          "value": "0",
                          "modelType": "Property"
                        }
                      ],
                      "modelType": "SubmodelElementCollection"
                    }
                  ],
                  "modelType": "SubmodelElementList"
                }
              ],
              "modelType": "SubmodelElementCollection"
            }
          ],
          "modelType": "SubmodelElementCollection"
        }
      ],
      "modelType": "Submodel"
    },
    {
      "idShort": "ProductivityPrediction",
      "description": [
        {
          "language": "Korean",
          "text": "Simulationsubmodeltemplate"
        }
      ],
      "id": "https://www.samcheon.com/mdt/Welder/sm/Simulation/ProductivityPrediction",
      "kind": "Instance",
      "semanticId": {
        "type": "ExternalReference",
        "keys": [
          {
            "type": "GlobalReference",
            "value": "https://etri.re.kr/mdt/Submodel/Simulation/1/1"
          }
        ]
      },
      "submodelElements": [
        {
          "idShort": "SubModelInfo",
          "value": [
            {
              "idShort": "Title",
              "valueType": "xs:string",
              "value": "\uC0DD\uC0B0\uB7C9 \uC608\uCE21",
              "modelType": "Property"
            },
            {
              "idShort": "Creator",
              "valueType": "xs:string",
              "value": "ETRI",
              "modelType": "Property"
            },
            {
              "idShort": "Identifier",
              "valueType": "xs:string",
              "value": "ProductivityPrediction",
              "modelType": "Property"
            },
            {
              "idShort": "ReferenceAddress",
              "value": [
                {
                  "idShort": "DockerImageID",
                  "valueType": "xs:string",
                  "value": "NA",
                  "modelType": "Property"
                },
                {
                  "idShort": "Address",
                  "valueType": "xs:string",
                  "value": "NA",
                  "modelType": "Property"
                }
              ],
              "modelType": "SubmodelElementCollection"
            }
          ],
          "modelType": "SubmodelElementCollection"
        },
        {
          "idShort": "SimulationInfo",
          "value": [
            {
              "idShort": "Model",
              "value": [
                {
                  "idShort": "ModelFileType",
                  "valueType": "xs:string",
                  "value": "",
                  "modelType": "Property"
                },
                {
                  "idShort": "ModelFileVersion",
                  "value": [
                    {
                      "idShort": "ModelVersionId",
                      "valueType": "xs:string",
                      "value": "MDT/ProcessLine/SubModel/Simulation/SimulationInfo/ModelVersionId/0.3",
                      "modelType": "Property"
                    },
                    {
                      "idShort": "ModelPreviewImage",
                      "valueType": "xs:string",
                      "modelType": "Property"
                    },
                    {
                      "idShort": "DigitalFile",
                      "valueType": "xs:string",
                      "value": "LGE_CW_Innercase00_PlnatSimulationModel_v0.3.spp",
                      "modelType": "Property"
                    }
                  ],
                  "modelType": "SubmodelElementCollection"
                },
                {
                  "idShort": "LastExecutionTime",
                  "valueType": "xs:duration",
                  "value": "",
                  "modelType": "Property"
                }
              ],
              "modelType": "SubmodelElementCollection"
            },
            {
              "idShort": "MinResourceRequirements",
              "value": [
                {
                  "idShort": "CPUNum",
                  "valueType": "xs:string",
                  "value": "",
                  "modelType": "Property"
                },
                {
                  "idShort": "MemorySize",
                  "valueType": "xs:string",
                  "value": "",
                  "modelType": "Property"
                },
                {
                  "idShort": "MemorySpeed",
                  "valueType": "xs:string",
                  "value": "",
                  "modelType": "Property"
                }
              ],
              "modelType": "SubmodelElementCollection"
            },
            {
              "idShort": "SimulationTool",
              "value": [
                {
                  "idShort": "SimToolName",
                  "valueType": "xs:string",
                  "value": "TecnomatixPlantSimulation16.1",
                  "modelType": "Property"
                },
                {
                  "category": "PARAMETER",
                  "idShort": "SimulationTimeout",
                  "valueType": "xs:duration",
                  "value": "PT5M",
                  "modelType": "Property"
                },
                {
                  "category": "PARAMETER",
                  "idShort": "SessionRetainTimeout",
                  "valueType": "xs:duration",
                  "value": "PT30S",
                  "modelType": "Property"
                },
                {
                  "category": "PARAMETER",
                  "idShort": "SimulatorEndpoint",
                  "valueType": "xs:string",
                  "value": "http://localhost:12987",
                  "modelType": "Property"
                }
              ],
              "modelType": "SubmodelElementCollection"
            },
            {
              "idShort": "Inputs",
              "orderRelevant": true,
              "typeValueListElement": "SubmodelElementCollection",
              "value": [
                {
                  "idShort": "",
                  "semanticId": {
                    "type": "ExternalReference",
                    "keys": [
                      {
                        "type": "GlobalReference",
                        "value": "https://etri.re.kr/mdt/Submodel/Operation/Input/1/1"
                      }
                    ]
                  },
                  "value": [
                    {
                      "idShort": "InputID",
                      "valueType": "xs:string",
                      "value": "Timestamp",
                      "modelType": "Property"
                    },
                    {
                      "idShort": "InputValue",
                      "modelType": "Property",
                      "valueType": "xs:dateTime",
                      "value": ""
                    }
                  ],
                  "modelType": "SubmodelElementCollection"
                },
                {
                  "idShort": "",
                  "semanticId": {
                    "type": "ExternalReference",
                    "keys": [
                      {
                        "type": "GlobalReference",
                        "value": "https://etri.re.kr/mdt/Submodel/Operation/Input/1/1"
                      }
                    ]
                  },
                  "value": [
                    {
                      "idShort": "InputID",
                      "valueType": "xs:string",
                      "value": "NozzleProduction",
                      "modelType": "Property"
                    },
                    {
                      "idShort": "InputValue",
                      "modelType": "SubmodelElementCollection",
                      "value": [
                        {
                          "idShort": "QuantityProduced",
                          "valueType": "xs:int",
                          "value": "0",
                          "modelType": "Property"
                        },
                        {
                          "idShort": "AvgProcessingTime",
                          "valueType": "xs:duration",
                          "value": "PT0S",
                          "modelType": "Property"
                        },
                        {
                          "idShort": "AvgWaitingTime",
                          "valueType": "xs:duration",
                          "value": "PT0S",
                          "modelType": "Property"
                        },
                        {
                          "idShort": "DefectVolume",
                          "valueType": "xs:int",
                          "value": "0",
                          "modelType": "Property"
                        },
                        {
                          "idShort": "AvgDefectRate",
                          "valueType": "xs:float",
                          "value": "0.0",
                          "modelType": "Property"
                        }
                      ]
                    }
                  ],
                  "modelType": "SubmodelElementCollection"
                }
              ],
              "modelType": "SubmodelElementList"
            },
            {
              "idShort": "Outputs",
              "orderRelevant": true,
              "typeValueListElement": "SubmodelElementCollection",
              "value": [
                {
                  "idShort": "TotalThroughput",
                  "semanticId": {
                    "type": "ExternalReference",
                    "keys": [
                      {
                        "type": "GlobalReference",
                        "value": "https://etri.re.kr/mdt/Submodel/Operation/Output/1/1"
                      }
                    ]
                  },
                  "value": [
                    {
                      "idShort": "OutputID",
                      "valueType": "xs:string",
                      "value": "TotalThroughput",
                      "modelType": "Property"
                    },
                    {
                      "idShort": "OutputValue",
                      "value": [
                        {
                          "idShort": "ParameterValue",
                          "valueType": "xs:int",
                          "value": "0",
                          "modelType": "Property"
                        },
                        {
                          "idShort": "EventDateTime",
                          "modelType": "Property",
                          "valueType": "xs:dateTime",
                          "value": ""
                        }
                      ],
                      "modelType": "SubmodelElementCollection"
                    }
                  ],
                  "modelType": "SubmodelElementCollection"
                }
              ],
              "modelType": "SubmodelElementList"
            }
          ],
          "modelType": "SubmodelElementCollection"
        },
        {
          "idShort": "Operation",
          "inputVariables": [
            {
              "value": {
                "idShort": "Timestamp",
                "modelType": "Property",
                "valueType": "xs:dateTime",
                "value": ""
              }
            },
            {
              "value": {
                "idShort": "NozzleProduction",
                "modelType": "SubmodelElementCollection",
                "value": [
                  {
                    "idShort": "QuantityProduced",
                    "valueType": "xs:int",
                    "value": "0",
                    "modelType": "Property"
                  },
                  {
                    "idShort": "AvgProcessingTime",
                    "valueType": "xs:duration",
                    "value": "PT0S",
                    "modelType": "Property"
                  },
                  {
                    "idShort": "AvgWaitingTime",
                    "valueType": "xs:duration",
                    "value": "PT0S",
                    "modelType": "Property"
                  },
                  {
                    "idShort": "DefectVolume",
                    "valueType": "xs:int",
                    "value": "0",
                    "modelType": "Property"
                  },
                  {
                    "idShort": "AvgDefectRate",
                    "valueType": "xs:float",
                    "value": "0.0",
                    "modelType": "Property"
                  }
                ]
              }
            }
          ],
          "outputVariables": [
            {
              "value": {
                "idShort": "TotalThroughput",
                "modelType": "SubmodelElementCollection",
                "value": [
                  {
                    "idShort": "ParameterValue",
                    "valueType": "xs:int",
                    "value": "0",
                    "modelType": "Property"
                  },
                  {
                    "idShort": "EventDateTime",
                    "valueType": "xs:dateTime",
                    "value": "",
                    "modelType": "Property"
                  }
                ]
              }
            }
          ],
          "inoutputVariables": [ ],
          "modelType": "Operation"
        }
      ],
      "modelType": "Submodel"
    },
    {
      "idShort": "WelderAmpereLog",
      "description": [
        {
          "language": "de",
          "text": "Enth\u00E4lt Zeitreihendaten und Referenzen auf Zeitreihendaten, um diese entlang des Asset Lebenszyklus aufzufinden und semantisch zu beschreiben."
        },
        {
          "language": "en",
          "text": "Contains time series data and references to time series data to discover and semantically describe them along the asset lifecycle."
        }
      ],
      "administration": {
        "version": "1",
        "revision": "1"
      },
      "id": "https://www.samcheon.com/mdt/Welder/sm/TimeSeries/WelderAmpereLog",
      "kind": "Template",
      "semanticId": {
        "type": "ModelReference",
        "keys": [
          {
            "type": "Submodel",
            "value": "https://admin-shell.io/idta/TimeSeries/1/1"
          }
        ]
      },
      "submodelElements": [
        {
          "idShort": "Metadata",
          "semanticId": {
            "type": "ExternalReference",
            "keys": [
              {
                "type": "GlobalReference",
                "value": "https://admin-shell.io/idta/TimeSeries/Metadata/1/1"
              }
            ]
          },
          "qualifiers": [
            {
              "type": "Cardinality",
              "valueType": "xs:string",
              "value": "One"
            }
          ],
          "value": [
            {
              "category": "PARAMETER",
              "idShort": "Name",
              "semanticId": {
                "type": "ExternalReference",
                "keys": [
                  {
                    "type": "GlobalReference",
                    "value": "https://admin-shell.io/idta/TimeSeries/Metadata/Name/1/1"
                  }
                ]
              },
              "qualifiers": [
                {
                  "type": "Cardinality",
                  "valueType": "xs:string",
                  "value": "One"
                }
              ],
              "value": [
                {
                  "language": "en",
                  "text": "Ampere Values"
                }
              ],
              "modelType": "MultiLanguageProperty"
            },
            {
              "category": "PARAMETER",
              "idShort": "Description",
              "semanticId": {
                "type": "ExternalReference",
                "keys": [
                  {
                    "type": "GlobalReference",
                    "value": "https://admin-shell.io/idta/TimeSeries/Metadata/Description/1/1"
                  }
                ]
              },
              "qualifiers": [
                {
                  "type": "Cardinality",
                  "valueType": "xs:string",
                  "value": "ZeroToOne"
                }
              ],
              "value": [
                {
                  "language": "kr",
                  "text": "식기 세척기 날개 융착기 동작 전류 데이터."
                }
              ],
              "modelType": "MultiLanguageProperty"
            },
            {
              "idShort": "RecordMetadata",
              "semanticId": {
                "type": "ExternalReference",
                "keys": [
                  {
                    "type": "GlobalReference",
                    "value": "https://admin-shell.io/idta/TimeSeries/Record/1/1"
                  }
                ]
              },
              "qualifiers": [
                {
                  "type": "Cardinality",
                  "valueType": "xs:string",
                  "value": "One"
                }
              ],
              "value": [
                {
                  "category": "VARIABLE",
                  "idShort": "Time",
                  "semanticId": {
                    "type": "ExternalReference",
                    "keys": [
                      {
                        "type": "GlobalReference",
                        "value": "https://admin-shell.io/idta/TimeSeries/UtcTime/1/1"
                      }
                    ]
                  },
                  "qualifiers": [
                    {
                      "semanticId": {
                        "type": "ExternalReference",
                        "keys": [
                          {
                            "type": "GlobalReference",
                            "value": "https://admin-shell.io/SubmodelTemplates/Cardinality/1/0"
                          }
                        ]
                      },
                      "type": "Cardinality",
                      "valueType": "xs:string",
                      "value": "OneToMany"
                    },
                    {
                      "semanticId": {
                        "type": "ExternalReference",
                        "keys": [
                          {
                            "type": "GlobalReference",
                            "value": "https://admin-shell.io/SubmodelTemplates/AllowedIdShort/1/0"
                          }
                        ]
                      },
                      "type": "AllowedIdShort",
                      "valueType": "xs:string",
                      "value": "Time[\\d{2,3}]"
                    }
                  ],
                  "valueType": "xs:dateTime",
                  "modelType": "Property"
                },
                {
                  "category": "VARIABLE",
                  "idShort": "Ampere",
                  "valueType": "xs:float",
                  "modelType": "Property"
                }
              ],
              "modelType": "SubmodelElementCollection"
            }
          ],
          "modelType": "SubmodelElementCollection"
        },
        {
          "idShort": "ReadRecords",
          "semanticId": {
            "type": "ExternalReference",
            "keys": [
              {
                "type": "GlobalReference",
                "value": "https://admin-shell.io/idta/TimeSeries/ReadRecords/1/1"
              }
            ]
          },
          "qualifiers": [
            {
              "type": "Cardinality",
              "valueType": "xs:string",
              "value": "ZeroToOne"
            }
          ],
          "inputVariables": [
            {
              "value": {
                "idShort": "Timespan",
                "description": [
                  {
                    "language": "en",
                    "text": "The valueType of the given timespan must match the valueType of the time properties of the segments."
                  }
                ],
                "semanticId": {
                  "type": "ExternalReference",
                  "keys": [
                    {
                      "type": "GlobalReference",
                      "value": "https://admin-shell.io/idta/TimeSeries/Timespan/1/1"
                    }
                  ]
                },
                "valueType": "xs:dateTime",
                "min": "",
                "max": "",
                "modelType": "Range"
              }
            }
          ],
          "outputVariables": [
            {
              "value": {
                "idShort": "Records",
                "modelType": "SubmodelElementCollection"
              }
            }
          ],
          "modelType": "Operation"
        }
      ],
      "modelType": "Submodel"
    },
    {
      "idShort": "NozzleProductionLog",
      "description": [
        {
          "language": "de",
          "text": "Enth\u00E4lt Zeitreihendaten und Referenzen auf Zeitreihendaten, um diese entlang des Asset Lebenszyklus aufzufinden und semantisch zu beschreiben."
        },
        {
          "language": "en",
          "text": "Contains time series data and references to time series data to discover and semantically describe them along the asset lifecycle."
        }
      ],
      "administration": {
        "version": "1",
        "revision": "1"
      },
      "id": "https://www.samcheon.com/mdt/Welder/sm/TimeSeries/NozzleProductionLog",
      "kind": "Template",
      "semanticId": {
        "type": "ModelReference",
        "keys": [
          {
            "type": "Submodel",
            "value": "https://admin-shell.io/idta/TimeSeries/1/1"
          }
        ]
      },
      "submodelElements": [
        {
          "idShort": "Metadata",
          "semanticId": {
            "type": "ExternalReference",
            "keys": [
              {
                "type": "GlobalReference",
                "value": "https://admin-shell.io/idta/TimeSeries/Metadata/1/1"
              }
            ]
          },
          "qualifiers": [
            {
              "type": "Cardinality",
              "valueType": "xs:string",
              "value": "One"
            }
          ],
          "value": [
            {
              "category": "PARAMETER",
              "idShort": "Name",
              "semanticId": {
                "type": "ExternalReference",
                "keys": [
                  {
                    "type": "GlobalReference",
                    "value": "https://admin-shell.io/idta/TimeSeries/Metadata/Name/1/1"
                  }
                ]
              },
              "qualifiers": [
                {
                  "type": "Cardinality",
                  "valueType": "xs:string",
                  "value": "One"
                }
              ],
              "value": [
                {
                  "language": "en",
                  "text": "Ampere Values"
                }
              ],
              "modelType": "MultiLanguageProperty"
            },
            {
              "category": "PARAMETER",
              "idShort": "Description",
              "semanticId": {
                "type": "ExternalReference",
                "keys": [
                  {
                    "type": "GlobalReference",
                    "value": "https://admin-shell.io/idta/TimeSeries/Metadata/Description/1/1"
                  }
                ]
              },
              "qualifiers": [
                {
                  "type": "Cardinality",
                  "valueType": "xs:string",
                  "value": "ZeroToOne"
                }
              ],
              "value": [
                {
                  "language": "kr",
                  "text": "식기 세척기 날개 융착기 동작 전류 데이터."
                }
              ],
              "modelType": "MultiLanguageProperty"
            },
            {
              "idShort": "RecordMetadata",
              "semanticId": {
                "type": "ExternalReference",
                "keys": [
                  {
                    "type": "GlobalReference",
                    "value": "https://admin-shell.io/idta/TimeSeries/Record/1/1"
                  }
                ]
              },
              "qualifiers": [
                {
                  "type": "Cardinality",
                  "valueType": "xs:string",
                  "value": "One"
                }
              ],
              "value": [
                {
                  "idShort": "Time",
                  "semanticId": {
                    "type": "ExternalReference",
                    "keys": [
                      {
                        "type": "GlobalReference",
                        "value": "https://admin-shell.io/idta/TimeSeries/UtcTime/1/1"
                      }
                    ]
                  },
                  "valueType": "xs:dateTime",
                  "modelType": "Property"
                },
                {
                  "idShort": "QuantityProduced",
                  "valueType": "xs:int",
                  "modelType": "Property"
                },
                {
                  "idShort": "AvgProcessingTime",
                  "valueType": "xs:duration",
                  "modelType": "Property"
                },
                {
                  "idShort": "AvgWaitingTime",
                  "valueType": "xs:duration",
                  "modelType": "Property"
                },
                {
                  "idShort": "DefectVolume",
                  "valueType": "xs:int",
                  "modelType": "Property"
                },
                {
                  "idShort": "AvgDefectRate",
                  "valueType": "xs:float",
                  "modelType": "Property"
                }
              ],
              "modelType": "SubmodelElementCollection"
            }
          ],
          "modelType": "SubmodelElementCollection"
        },
        {
          "idShort": "ReadRecords",
          "semanticId": {
            "type": "ExternalReference",
            "keys": [
              {
                "type": "GlobalReference",
                "value": "https://admin-shell.io/idta/TimeSeries/ReadRecords/1/1"
              }
            ]
          },
          "qualifiers": [
            {
              "type": "Cardinality",
              "valueType": "xs:string",
              "value": "ZeroToOne"
            }
          ],
          "inputVariables": [
            {
              "value": {
                "idShort": "Timespan",
                "description": [
                  {
                    "language": "en",
                    "text": "The valueType of the given timespan must match the valueType of the time properties of the segments."
                  }
                ],
                "semanticId": {
                  "type": "ExternalReference",
                  "keys": [
                    {
                      "type": "GlobalReference",
                      "value": "https://admin-shell.io/idta/TimeSeries/Timespan/1/1"
                    }
                  ]
                },
                "valueType": "xs:dateTime",
                "min": "",
                "max": "",
                "modelType": "Range"
              }
            }
          ],
          "outputVariables": [
            {
              "value": {
                "idShort": "Records",
                "modelType": "SubmodelElementCollection"
              }
            }
          ],
          "modelType": "Operation"
        }
      ],
      "modelType": "Submodel"
    }
  ],
  "conceptDescriptions": []
}