{"nodes":[{"id":"node_1732597954162","type":"program","position":{"x":770.804475020363,"y":240.21310574963343},"data":{"label":"PROGRAM","item":{"id":"ProcessOptimization","type":"mdt.task.builtin.ProgramTask","dependencies":[],"variables":[{"name":"HTCycleTime","kind":"INPUT","valueReference":{"idShortPath":"InputValue","submodelIdShort":"","twinId":""}},{"name":"VFCycleTime","kind":"INPUT","valueReference":{"idShortPath":"InputValue","submodelIdShort":"","twinId":""}},{"name":"PTCycleTime","kind":"INPUT","valueReference":{"idShortPath":"InputValue","submodelIdShort":"","twinId":""}},{"name":"QICycleTime","kind":"INPUT","valueReference":{"idShortPath":"InputValue","submodelIdShort":"","twinId":""}},{"name":"TotalThroughput","kind":"OUTPUT","valueReference":{"idShortPath":"OutputValue","submodelIdShort":"","twinId":""}}],"options":[{"name":"command","optionType":"array","values":[]},{"name":"workingDirectory","optionType":"string","value":""},{"name":"timeout","optionType":"string","value":""}],"labels":[]}},"measured":{"width":241,"height":130},"selected":false,"dragging":false},{"id":"node_1732598097162","type":"property","position":{"x":7.725093909171619,"y":62.189664722971486},"data":{"label":"ParameterValue","item":{"modelType":"Property","value":"12","valueType":"xs:string","category":"","description":[{"language":"Korean","text":"파라미터값"}],"idShort":"ParameterValue"}},"measured":{"width":104,"height":50},"selected":false,"dragging":false},{"id":"node_1732598103013","type":"copy","position":{"x":242.43074051486963,"y":168.18859879812481},"data":{"label":"COPY","item":{"id":"VFCycleTime","type":"mdt.task.builtin.CopyTask","dependencies":[],"variables":[{"name":"from","kind":"INPUT","valueReference":{"idShortPath":"ParameterValue","submodelIdShort":"","twinId":""}},{"name":"to","kind":"OUTPUT","valueReference":{"idShortPath":"InputValue","submodelIdShort":"","twinId":""}}],"options":[],"labels":[]}},"measured":{"width":189,"height":59},"selected":false,"dragging":false},{"id":"node_1732598104821","type":"copy","position":{"x":251.10948300314953,"y":282.41209382002637},"data":{"label":"COPY","item":{"id":"PTCycleTime","type":"mdt.task.builtin.CopyTask","dependencies":[],"variables":[{"name":"from","kind":"INPUT","valueReference":{"idShortPath":"ParameterValue","submodelIdShort":"","twinId":""}},{"name":"to","kind":"OUTPUT","valueReference":{"idShortPath":"InputValue","submodelIdShort":"","twinId":""}}],"options":[],"labels":[]}},"measured":{"width":189,"height":59},"selected":false,"dragging":false},{"id":"node_1732598106994","type":"copy","position":{"x":249.85215768231762,"y":425.7485349358336},"data":{"label":"COPY","item":{"id":"QICycleTime","type":"mdt.task.builtin.CopyTask","dependencies":[],"variables":[{"name":"from","kind":"INPUT","valueReference":{"idShortPath":"ParameterValue","submodelIdShort":"","twinId":""}},{"name":"to","kind":"OUTPUT","valueReference":{"idShortPath":"InputValue","submodelIdShort":"","twinId":""}}],"options":[],"labels":[]}},"measured":{"width":188,"height":59},"selected":false,"dragging":false},{"id":"node_1732598108921","type":"copy","position":{"x":239.0570060093762,"y":59.842834334896025},"data":{"label":"COPY","item":{"id":"HTCycleTime","type":"mdt.task.builtin.CopyTask","dependencies":[],"variables":[{"name":"from","kind":"INPUT","valueReference":{"idShortPath":"ParameterValue","submodelIdShort":"","twinId":""}},{"name":"to","kind":"OUTPUT","valueReference":{"idShortPath":"InputValue","submodelIdShort":"","twinId":""}}],"options":[],"labels":[]}},"measured":{"width":191,"height":59},"selected":false,"dragging":false},{"id":"node_1732598145829","type":"property","position":{"x":8.308471073542478,"y":176.05354291862},"data":{"label":"ParameterValue","item":{"modelType":"Property","value":"12","valueType":"xs:string","category":"","description":[{"language":"Korean","text":"파라미터값"}],"idShort":"ParameterValue"}},"measured":{"width":104,"height":50},"selected":false,"dragging":false},{"id":"node_1732598173369","type":"property","position":{"x":8.308471073542535,"y":283.48428343348957},"data":{"label":"ParameterValue","item":{"modelType":"Property","value":"12","valueType":"xs:string","category":"","description":[{"language":"Korean","text":"파라미터값"}],"idShort":"ParameterValue"}},"measured":{"width":104,"height":50},"selected":false,"dragging":false},{"id":"node_1732598212401","type":"property","position":{"x":8.308471073542421,"y":441.66355888419287},"data":{"label":"ParameterValue","item":{"modelType":"Property","value":"29.213673781926804","valueType":"xs:string","category":"","description":[{"language":"Korean","text":"파라미터값"}],"idShort":"ParameterValue"}},"measured":{"width":104,"height":50},"selected":false,"dragging":false},{"id":"node_1732598234218","type":"property","position":{"x":518.0221097855992,"y":124.54714969953119},"data":{"label":"InputValue","item":{"modelType":"Property","value":"12","valueType":"xs:string","idShort":"InputValue"}},"measured":{"width":100,"height":50},"selected":false,"dragging":false},{"id":"node_1732598244125","type":"property","position":{"x":509.97202995773523,"y":233.93713373395838},"data":{"label":"InputValue","item":{"modelType":"Property","value":"12","valueType":"xs:string","idShort":"InputValue"}},"measured":{"width":100,"height":50},"selected":false,"dragging":false},{"id":"node_1732598248569","type":"property","position":{"x":519.0663293567977,"y":320.1478423176824},"data":{"label":"InputValue","item":{"modelType":"Property","value":"12","valueType":"xs:string","idShort":"InputValue"}},"measured":{"width":100,"height":50},"selected":false,"dragging":false},{"id":"node_1732598255873","type":"property","position":{"x":522.6984551079697,"y":411.66355888419287},"data":{"label":"InputValue","item":{"modelType":"Property","value":"29.213673781926804","valueType":"xs:string","idShort":"InputValue"}},"measured":{"width":100,"height":50},"selected":false,"dragging":false},{"id":"node_1732598299349","type":"copy","position":{"x":1259.7433492691878,"y":282.4908043255485},"data":{"label":"COPY","item":{"id":"ApplyToDataModel","type":"mdt.task.builtin.CopyTask","dependencies":[],"variables":[{"name":"from","kind":"INPUT","valueReference":{"idShortPath":"OutputValue","submodelIdShort":"","twinId":""}},{"name":"to","kind":"OUTPUT","valueReference":{"idShortPath":"ParameterValue","submodelIdShort":"","twinId":""}}],"options":[],"labels":[]}},"measured":{"width":233,"height":59},"selected":false,"dragging":false},{"id":"node_1732598322933","type":"property","position":{"x":1588.804605473887,"y":287.3643180950326},"data":{"label":"ParameterValue","item":{"modelType":"Property","valueType":"xs:string","idShort":"ParameterValue"}},"measured":{"width":104,"height":50},"selected":false,"dragging":false},{"id":"node_1732598343821","type":"property","position":{"x":1085.944255930101,"y":285.66921385038546},"data":{"label":"OutputValue","item":{"modelType":"Property","value":"993","valueType":"xs:string","idShort":"OutputValue"}},"measured":{"width":100,"height":50},"selected":false,"dragging":false}],"edges":[{"source":"node_1732598097162","sourceHandle":null,"target":"node_1732598108921","targetHandle":"handle_input_node_1732598108921_from","id":"line_1732598125800","type":"smoothstep","markerEnd":{"type":"arrowclosed","width":10,"height":10,"color":"#FF0072"},"data":{"label":""},"style":{"strokeWidth":1,"stroke":"#FF0072"}},{"source":"node_1732598145829","sourceHandle":null,"target":"node_1732598103013","targetHandle":"handle_input_node_1732598103013_from","id":"line_1732598178797","type":"smoothstep","markerEnd":{"type":"arrowclosed","width":10,"height":10,"color":"#FF0072"},"data":{"label":""},"style":{"strokeWidth":1,"stroke":"#FF0072"}},{"source":"node_1732598173369","sourceHandle":null,"target":"node_1732598104821","targetHandle":"handle_input_node_1732598104821_from","id":"line_1732598181028","type":"smoothstep","markerEnd":{"type":"arrowclosed","width":10,"height":10,"color":"#FF0072"},"data":{"label":""},"style":{"strokeWidth":1,"stroke":"#FF0072"}},{"source":"node_1732598212401","sourceHandle":null,"target":"node_1732598106994","targetHandle":"handle_input_node_1732598106994_from","id":"line_1732598215611","type":"smoothstep","markerEnd":{"type":"arrowclosed","width":10,"height":10,"color":"#FF0072"},"data":{"label":""},"style":{"strokeWidth":1,"stroke":"#FF0072"}},{"source":"node_1732598108921","sourceHandle":"handle_output_node_1732598108921_to","target":"node_1732598234218","targetHandle":null,"id":"line_1732598261000","type":"smoothstep","markerEnd":{"type":"arrowclosed","width":10,"height":10,"color":"#FF0072"},"data":{"label":""},"style":{"strokeWidth":1,"stroke":"#FF0072"}},{"source":"node_1732598234218","sourceHandle":null,"target":"node_1732597954162","targetHandle":"handle_input_node_1732597954162_HTCycleTime","id":"line_1732598263191","type":"smoothstep","markerEnd":{"type":"arrowclosed","width":10,"height":10,"color":"#FF0072"},"data":{"label":""},"style":{"strokeWidth":1,"stroke":"#FF0072"}},{"source":"node_1732598103013","sourceHandle":"handle_output_node_1732598103013_to","target":"node_1732598244125","targetHandle":null,"id":"line_1732598264948","type":"smoothstep","markerEnd":{"type":"arrowclosed","width":10,"height":10,"color":"#FF0072"},"data":{"label":""},"style":{"strokeWidth":1,"stroke":"#FF0072"}},{"source":"node_1732598244125","sourceHandle":null,"target":"node_1732597954162","targetHandle":"handle_input_node_1732597954162_VFCycleTime","id":"line_1732598266859","type":"smoothstep","markerEnd":{"type":"arrowclosed","width":10,"height":10,"color":"#FF0072"},"data":{"label":""},"style":{"strokeWidth":1,"stroke":"#FF0072"}},{"source":"node_1732598104821","sourceHandle":"handle_output_node_1732598104821_to","target":"node_1732598248569","targetHandle":null,"id":"line_1732598268739","type":"smoothstep","markerEnd":{"type":"arrowclosed","width":10,"height":10,"color":"#FF0072"},"data":{"label":""},"style":{"strokeWidth":1,"stroke":"#FF0072"}},{"source":"node_1732598248569","sourceHandle":null,"target":"node_1732597954162","targetHandle":"handle_input_node_1732597954162_PTCycleTime","id":"line_1732598271047","type":"smoothstep","markerEnd":{"type":"arrowclosed","width":10,"height":10,"color":"#FF0072"},"data":{"label":""},"style":{"strokeWidth":1,"stroke":"#FF0072"}},{"source":"node_1732598106994","sourceHandle":"handle_output_node_1732598106994_to","target":"node_1732598255873","targetHandle":null,"id":"line_1732598272860","type":"smoothstep","markerEnd":{"type":"arrowclosed","width":10,"height":10,"color":"#FF0072"},"data":{"label":""},"style":{"strokeWidth":1,"stroke":"#FF0072"}},{"source":"node_1732598255873","sourceHandle":null,"target":"node_1732597954162","targetHandle":"handle_input_node_1732597954162_QICycleTime","id":"line_1732598274984","type":"smoothstep","markerEnd":{"type":"arrowclosed","width":10,"height":10,"color":"#FF0072"},"data":{"label":""},"style":{"strokeWidth":1,"stroke":"#FF0072"}},{"source":"node_1732597954162","sourceHandle":"handle_output_node_1732597954162_TotalThroughput","target":"node_1732598343821","targetHandle":null,"id":"line_1732598346000","type":"smoothstep","markerEnd":{"type":"arrowclosed","width":10,"height":10,"color":"#FF0072"},"data":{"label":""},"style":{"strokeWidth":1,"stroke":"#FF0072"}},{"source":"node_1732598343821","sourceHandle":null,"target":"node_1732598299349","targetHandle":"handle_input_node_1732598299349_from","id":"line_1732598347971","type":"smoothstep","markerEnd":{"type":"arrowclosed","width":10,"height":10,"color":"#FF0072"},"data":{"label":""},"style":{"strokeWidth":1,"stroke":"#FF0072"}},{"source":"node_1732598299349","sourceHandle":"handle_output_node_1732598299349_to","target":"node_1732598322933","targetHandle":null,"id":"line_1732598350123","type":"smoothstep","markerEnd":{"type":"arrowclosed","width":10,"height":10,"color":"#FF0072"},"data":{"label":""},"style":{"strokeWidth":1,"stroke":"#FF0072"}}],"viewport":{"x":10.987178284063475,"y":77.97184738814826,"zoom":0.8705505632961238}}