<configuration>
	<!-- 콘솔 로깅 패턴 -->
    <appender name="STDOUT" class="ch.qos.logback.core.ConsoleAppender">
        <encoder>
            <pattern>%d{HH:mm:ss.SSS} %-5level %logger{36} - %msg%n</pattern>
        </encoder>
    </appender>

    <!-- 파일 로깅 패턴 -->
    <appender name="FILE" class="ch.qos.logback.core.rolling.RollingFileAppender">
        <file>logs/application.log</file>
        <rollingPolicy class="ch.qos.logback.core.rolling.TimeBasedRollingPolicy">
            <!-- 로그 파일을 일 단위로 롤링 -->
            <fileNamePattern>logs/application-%d{yyyy-MM-dd}.log</fileNamePattern>
            <maxHistory>7</maxHistory> <!-- 최대 30일간 로그 보관 -->
        </rollingPolicy>
        <encoder>
            <pattern>%d{HH:mm:ss.SSS} %-5level %logger{36} - %msg%n</pattern>
        </encoder>
    </appender>

    <!-- 로그 레벨 설정 -->	
    <root level="info">
        <appender-ref ref="STDOUT" />
    </root>
</configuration>